source,source_id,title,abstract,journal,pub_date,doi,url,authors,score,score_reason
PubMed,42185267,Diversification in ANME-1 archaea is associated with the presence of highly variable genomic hotspots.,"Anaerobic methanotrophic (ANME) archaea have been primarily documented by metagenomic analysis of environmental samples. The mechanisms that drive their diversification and speciation are poorly understood. Here we analyse the phylogenomic diversity at the species and strain levels of clade ANME-1 from deep-sea cold seeps, as a model system with a well-studied phylogenetic framework. We reconstruct high-quality circular metagenomic-assembled genomes (cMAGs) and identify highly variable genomic hotspots that distinguish them. Genomic differentiation and diversification in ANME-1 is associated with genes involved in prokaryotic defense systems, transport mechanisms and methane metabolism. In addition, heterologous expression of ANME-1 hicAB operons supports their proposed role as toxin/antitoxin systems, possibly involved in mediating responses to environmental stresses.",Nature communications,2026 May 25,10.1038/s41467-026-73573-4,https://pubmed.ncbi.nlm.nih.gov/42185267/,"Zhou YL, Feng JC, Lu R, Chen Z, Mara P, Tao X, Liu J, Huang Y, et al.",13.0,"keyword+8.0, journal+5.0"
PubMed,42209465,Single nucleotide variants drive evolutionary phage-host arms race in anaerobic carbon dioxide-converting microbiome.,"Microbial bioconversions are shaped by environmental perturbations and the adaptation of resident microbiomes. Prokaryotes coexist with bacteriophages, yet their coevolutionary trajectories remain underexplored. Here, we investigate the effects of a cultivation vessel leak on an anaerobic consortium performing carbon dioxide reduction. Using time-series shotgun metagenomic sequencing, we reconstruct microbial and viral genomes to track community shifts. We further apply single-nucleotide variant profiling and CRISPR array analysis to monitor viral microdiversity and host defense mechanisms. After bioaugmentation restores bioconversion efficiency, the consortium undergoes pronounced restructuring, with new dominant taxa emerging from the rare biosphere. We identify patterns consistent with phage predation selectively removing certain species, while others exhibit resilience to infection. This shift aligns with a widespread viral outbreak and a transient increased frequency of single nucleotide variants in bacterial CRISPR-Cas defense genes. Expansion of CRISPR spacers further supports that CRISPR-mediated processes influence microbial resilience. Concurrently, phages infecting resilient hosts exhibited adaptive evolution, marked by high genetic heterogeneity. Selective pressure varies across their genomes, targeting infectivity genes and protospacer-adjacent motifs. These findings highlight a dynamic evolutionary arms race driven by the selection of beneficial genetic variants, providing a mechanistic framework for multi-omics investigations, and informing biotechnological applications, including phage-based microbiome manipulation.",Nature communications,2026 May 28,10.1038/s41467-026-73084-2,https://pubmed.ncbi.nlm.nih.gov/42209465/,"Ghiotto G, Zampieri G, Orellana E, Chatzis A, Kougias PG, Camargo A, Roux S, Campanaro S, et al.",12.0,"keyword+7.0, journal+5.0"
PubMed,42201971,Evolution induced state shifts in a long-term microbial community experiment.,"Biological communities are complex, dynamic systems that underpin ecosystem functionality, yet their long-term dynamics and predictability remain poorly understood. Understanding how Darwinian evolution shapes these systems through eco-evolutionary feedback is a central challenge in ecology and evolution. Experimental studies using simplified microbial assemblages have yielded important insights into the ecological principles governing community states. However, an important knowledge gap is how selection within member species drives changes of community state in multispecies systems. Here, we present a four-year evolution experiment involving a 23-species synthetic bacterial community propagated in two environments: a control medium and the same medium supplemented with the antibiotic streptomycin. Through combined analyses of community composition and genome evolution, we quantified the temporal changes in species abundances and the evolutionary trajectories of individual community members. The extended duration of the experiment enabled the detection of adaptive mutations and community state shifts that occur only over long evolutionary timescales. We show that community dynamics are environment dependent and reproducible across replicates and that evolution of streptomycin resistance in a previously streptomycin-sensitive species on its own can induce abrupt community state shifts. Our results provide a direct demonstration of eco-evolutionary feedbacks within a multispecies community, revealing how a single adaptive mutation can reorganize complex ecological networks.",Proceedings of the National Academy of Sciences of the United States of America,2026 Jun 02,10.1073/pnas.2533269123,https://pubmed.ncbi.nlm.nih.gov/42201971/,"Kivikoski M, Cairns J, Hogle SL, Pausio S, Becks L, Mustonen V, Hiltunen T",11.5,"keyword+5.5, journal+6.0"
PubMed,42218155,Single-phage profiling illuminates viral individuality during bacterial cell fate determination.,"The choice between cell death (lysis) and viral dormancy (lysogeny) following bacteriophage infection serves as a founding paradigm for the emergence of cellular heterogeneity in a genetically uniform population. The determination of host fate arises through the stochastic transcription from multiple viral genomes present within each cell, but this activity remains hidden from empirical interrogation, which typically stops at the whole-cell level. Here we use parallel sequential fluorescence in situ hybridization (par-seqFISH), followed by spatial clustering of phage-encoded transcripts within each cell, to profile the transcriptional activity of individual phages during synchronized infection of Escherichia coli by bacteriophage lambda. At the whole-cell level, transcription kinetics capture the developmental choice between lysis and lysogeny, and further demonstrate that intracellular viral replication is required for the emergence of diverging fate decisions. Zooming in to the single-phage level illuminates an individuality of viral activity during infection. We find that, while cells pursuing lysogeny display consensus activity of all inhabiting phages, lytic cells may contain phages that exhibit lysogenic activity. These findings support an earlier suggestion that consensus among coinfecting phages is required for cell dormancy. More broadly, our results highlight the need to identify how whole-cell behavior emerges from the activity of physically distinct copies of the same genetic circuit.",Nature communications,2026 May 30,10.1038/s41467-026-73867-7,https://pubmed.ncbi.nlm.nih.gov/42218155/,"Homaee E, Zhu W, Yao T, Golding I",11.0,"keyword+6.0, journal+5.0"
PubMed,42201143,"Evolution, multifunctionality, and agricultural potential of insect microbiomes and the holobiont concept.","Insect-associated microbiomes, as co-evolved members of the holobiont, play pivotal roles in host physiology, ecological resilience, and evolutionary innovation. This review synthesizes recent advances in understanding microbial symbionts' contributions to metabolic adaptation, insecticide detoxification, and immune modulation. Framed within hologenome theory-which posits host-microbe assemblages as units of natural selection-we explore co-evolutionary dynamics driving mutualistic specialization and adaptive plasticity. Cutting-edge tools like genome editing and metagenomics reveal how gut microbiota mediate cross-kingdom interactions, insecticide resistance, and reproductive fitness. Intriguingly, microbial symbionts can enhance host resistance through detoxification while sensitizing hosts to specific toxins, highlighting context-dependent trade-offs. Targeted manipulation of microbial consortia-via detoxification disruption or symbiont engineering-offers new avenues for sustainable pest control, though ecological risks demand rigorous biosafety protocols. A paradigm shift toward holobiont-centered models promises unified strategies for sustainable agriculture and biodiversity conservation in the Anthropocene.",The ISME journal,2026 May 27,10.1093/ismejo/wrag137,https://pubmed.ncbi.nlm.nih.gov/42201143/,"Zhang W, Eleftherianos I, Mohamed A, Smagghe G, Chakkalakkal G, Al-Akeel R, Toprak U, Tettamanti G, et al.",11.0,"keyword+6.5, journal+4.5"
PubMed,42189983,Uncovering ParB-dependent and -independent subclasses of T-dioxygenases from bacteriophage.,"5-Methylpyrimidine dioxygenases (5mYOXs) are iron (II)/2-oxoglutarate-dependent enzymes that catalyze the postreplicative oxidation of DNA 5-methylpyrimidines. Here, we define two subclasses of phage thymine (T) 5mYOXs: a stand-alone enzyme and a second requiring an activator. Using bioinformatic tools, we show that the activator is homologous to the bacterial chromosomal segregation (CS) protein ParB, retaining the N-terminal nucleotide-binding domain (NBD), responsible for CTP binding and hydrolysis in CS, and the C-terminal dimerization domain (CTD), but lacking an obvious DNA-binding domain. In vivo, we demonstrate that ParB activates its cognate 5mYOX with relative specificity and that both NBD and CTD are required for function. Unlike CS-ParBs, mutation of conserved NTP-binding/hydrolysis residues does not affect the role of 5mYOX-associated ParB, suggesting a lack of CTP requirement or a regulatory mechanism not captured under our conditions. For 5mYOXs, we define subclass-specific domains essential for T oxidation and provide evidence for abolishing ParB dependency upon swapping a variable insert from a ParB-independent 5mYOX into a dependent one. In vitro, reconstitution of subclass representatives, 5mYOX97 and 176, confirms their activity as postreplicative T-dioxygenases. Both enzymes function on a wide range of DNA substrates [single and double-stranded (ds), linear, and circular]. The enzymes differ in their sequence preference and support iterative oxidation of T and 5-methylcytosine. Notably, 5mYOX176 requires activation by ParB176 only when acting on dsDNA. These findings establish an activator-dependent subclass within the iron (II)/2-oxoglutarate-dependent dioxygenase superfamily and expand the functional landscape of both 5mYOX and ParBs, suggesting regulatory mechanisms for T oxidation in bacteriophage.",Proceedings of the National Academy of Sciences of the United States of America,2026 Jun 02,10.1073/pnas.2522060123,https://pubmed.ncbi.nlm.nih.gov/42189983/,"O'Toole KH, Perkins LJ, Bouchet A, DeSanctis ML, Lund SR, Mulholland AJ, El Hariri Y, Belkadi S, et al.",10.5,"keyword+4.5, journal+6.0"
PubMed,42177580,"Bacterial 3D genome architecture: organization, regulation, and synthetic biology applications.","Bacterial chromosomes are compacted into hierarchical three-dimensional (3D) architectures that underpin essential processes such as replication, transcription, and segregation. However, detailed principles governing genome architecture and its regulation remain incompletely understood. Here we review current knowledge on structural organization of bacterial 3D genomes and their regulatory factors, integrating insights from chromosome conformation capture and imaging studies. We highlight how genome architecture dynamically responds to environmental cues. We also discuss potential applications of bacterial 3D genomics, particularly in synthetic biology. These findings provide a framework for understanding bacterial genomic homeostasis and adaptation, offering opportunities for engineering microbial systems and novel therapies.",Genome biology,2026 May 23,10.1186/s13059-026-04117-8,https://pubmed.ncbi.nlm.nih.gov/42177580/,"Chen M, Zhu Z, Huang Y, Wu B, He M",10.5,"keyword+6.0, journal+4.5"
PubMed,42189993,Anti-CRISPR-mediated continuous directed evolution of CRISPR-Cas9 in human cells.,"Engineering CRISPR-Cas systems for improved or altered function is critical to both research and therapeutic applications. Unfortunately, most optimization, especially directed evolution in bacterial hosts, fails to capture the functional requirements of the complex mammalian cellular milieu, where activity is usually required. Robust strategies to enable continuous directed evolution of genome-targeting agents directly in human cells remain lacking. Here, we introduce CRISPR-MACE (Mammalian cell-enabled Adenovirus-assisted Continuous Evolution) as a foundational technology to address this need. CRISPR-MACE integrates virus-based continuous evolution with anti-CRISPR-based tunable selection to generate Streptococcus pyogenes Cas9 variants with both increased and decreased DNA binding capacity and nearly 1,000-fold-enhanced resistance to AcrIIA4, the strongest known inhibitor of SpCas9. Notably, across independent evolution campaigns, the same Cas9 gatekeeper mutation reproducibly emerged first, enabling subsequent adaptive steps along two interdependent axes of Cas9 function. In addition to advancing CRISPR technologies, this work establishes key principles and synthetic circuits for continuously evolving CRISPR-Cas systems directly in human cells.",Proceedings of the National Academy of Sciences of the United States of America,2026 Jun 02,10.1073/pnas.2536003123,https://pubmed.ncbi.nlm.nih.gov/42189993/,"Sabol AL, Mengiste AA, Singh P, Sreekanth V, Hendel SJ, Tran MTN, Barybin AM, Chaudhary S, et al.",10.0,"keyword+4.0, journal+6.0"
PubMed,42176229,Carbon regime structures functional trait trajectories during primary succession in microorganisms.,"Primary succession is a foundational process in ecology, but how microbial communities shift functionally during succession, and whether these dynamics follow predictable patterns, remains unresolved. We conducted a systematic review of functional primary succession in microorganisms and applied a consistent metagenomic pipeline to evaluate functional richness, rRNA operon copy number (RRN), and average genome size (AGS) over time. We also explored the yield-acquisition-stress (Y-A-S) life-history framework using functional gene annotations. Across autotrophic systems, RRN tended to decrease and AGS tended to increase during succession, whereas heterotrophic systems exhibited more variable trajectories. These consistent shifts in autotrophic systems suggest a transition from early colonization by copiotrophic taxa with small genomes and high RRN toward later-stage communities with larger genomes, lower RRN, and greater functional versatility. In contrast, heterotrophic systems showed heterogeneous trait trajectories, likely reflecting variation in the timing and predictability of organic inputs. Topic modeling further revealed that early successional stages were enriched in stress-tolerance genes, followed by shifts toward other strategies over time. While certain trait patterns such as RRN and AGS appeared broadly conserved, changes in life-history strategies during succession were context dependent and shaped by resource dynamics and system type. These findings suggest that microbial successional trajectories are structured by differences in resource availability, particularly whether systems are driven by autotrophic inputs or constrained by externally supplied carbon sources.",The ISME journal,2026 May 23,10.1093/ismejo/wrag134,https://pubmed.ncbi.nlm.nih.gov/42176229/,"Cagle GA, Baiser B, Bernardin JR, Bittleston LS, Young EB, Gray SM, Freedman ZB",10.0,"keyword+5.5, journal+4.5"
PubMed,42178714,Microbiome functional gene pathways are indicative of cognitive performance in older adults at risk for Alzheimer's disease.,"Disturbances in the gut microbiome are increasingly correlated with neurodegenerative disorders, including Alzheimer's disease. Multiple lines of emerging evidence are consistent with the microbiome's involvement in disease pathology in AD by triggering or potentiating systemic and neuroinflammation, thereby influencing disease pathology through the ""microbiota-gut-brain axis."" Currently, the copathologies contributing to cognitive decline and symptomatic progression in AD remain unknown and understudied. Changes in the gut microbiome composition may offer clues to potential systemic physiologic and neuropathologic changes that contribute to cognitive decline. Here, we recruited a cohort of 260 older adults (aged 60 y or older) living in the community and followed them over time, tracking objective measures of cognition, clinical information, and gut microbiome samples. Subjects were classified as healthy controls, exhibiting mild cognitive impairment, or having dementia based on clinical assessments. Using metagenomic sequencing and gene pathway analyses, we found that certain microbial-encoded metabolic pathways correlated with worse cognitive performance. Specifically, genes involved in the urea cycle, polyamine synthesis, or the metabolism of methionine and cysteine predicted worse cognitive performance. Our study suggests that the gut microbiome composition may be linked to cognitive impairment along the AD continuum and points to microbial metabolic pathways that may potentiate disease.",Gut microbes,2026 Dec 31,10.1080/19490976.2026.2676162,https://pubmed.ncbi.nlm.nih.gov/42178714/,"Zeamer AL, Lai Y, Loew E, Sanborn V, Tracy M, Jo C, Ferdinand D, Ward DV, et al.",9.5,"keyword+4.5, journal+5.0"
PubMed,42209485,Population-scale chemical response revealed by a barcoded yeast collection.,"Natural genetic variation shapes how microbial populations adapt to environmental and chemical challenges, but scalable approaches to map genotype-phenotype relationships across diverse genetic backgrounds remain limited. Here, we developed a systematically barcoded collection of 520 Saccharomyces cerevisiae natural isolates that captures the ecological, geographical and genetic diversity of the species. Using pooled barcode sequencing, we profiled fitness responses to over 600 bioactive and natural compounds, revealing broader and more polarized bioactivity than the standard yeast gene-deletion collection. Fitness-based clustering defined six major compound groups with reproducible, population-structured sensitivity patterns. Genome-wide association analysis identified significant genetic variants across 106 compounds, linking natural polymorphisms to chemical responses and involving genes in genome maintenance, ribosome biogenesis, vesicular trafficking and stress tolerance. Together, our barcoded natural population provides a scalable framework for chemical-genetic screening, enabling systematic dissection of how genetic diversity shapes microbial fitness and adaptation.",Nature communications,2026 May 28,10.1038/s41467-026-73532-z,https://pubmed.ncbi.nlm.nih.gov/42209485/,"Dutta A, Garin M, Loegler V, Brach G, Friedrich A, Yoshimura M, Hirano H, Osada H, et al.",9.5,"keyword+4.5, journal+5.0"
PubMed,42185318,Large-scale investigation for antimicrobial activity reveals newly-identified defensive species across the healthy skin microbiome.,"The skin microbiome forms a protective barrier to pathogens, including through the production of antimicrobial metabolites. Here, we present EPICHHS, a large and taxonomically diverse skin microbiome culture collection of 968 strains from eight body sites. EPICHHS captures >95% of cumulative species-level abundance across 268 skin metagenomes. It includes isolates present at <0.1% relative abundance and the cultured representatives for eight species not previously isolated, markedly expanding current skin microbiome resources. A contact-independent screen assaying ~14,000 pairwise interactions against 22 pathogens revealed widespread antagonism with striking enrichment for antifungal activity. Finally, functional genomic analysis, including 287 EPICHHS isolate genomes, demonstrated a diverse landscape of skin-associated biosynthetic gene clusters that are mostly uncharacterized. Together EPICHHS, its functional and genomic characterization, establishes the skin microbiome as a reservoir for specialized metabolism and provides a platform for microbiome-based antimicrobial discovery.",Nature communications,2026 May 25,10.1038/s41467-026-73524-z,https://pubmed.ncbi.nlm.nih.gov/42185318/,"Nguyen UT, Salamzade R, Sandstrom S, Swaney MH, Townsend EC, Wu SY, Cheong JZA, Sardina JA, et al.",9.5,"keyword+4.5, journal+5.0"
PubMed,42177175,Human RNA polymerase III termination favors decomposition over facilitated recycling.,"Eukaryotic transcription termination remains incompletely understood. Using single-molecule fluorescence assays, we examined intrinsic termination by human RNA polymerase III (RNAP3) and identified mechanistic trifurcation leading to readthrough and two termination pathways with distinctive dissociation kinetics. The dominant pathway, decomposing termination, involves (near-)simultaneous dissociation of RNA and DNA from RNAP3, resulting in complex decomposition. In contrast, recycling termination, where RNA is released while RNAP3 remains DNA-bound and one-dimensionally diffuses to enable facilitated recycling, accounts for 2-14% of transcription, diverging from its predominance in bacterial intrinsic termination. Confirming that robust termination requires a nontemplate-strand T-tract of four or more consecutive thymidines, we uncover that longer T-tracts favor recycling over decomposing termination, reflecting mechanistic distinction between the two pathways. While upstream RNA hairpins enhance termination efficiency, their impact decreases with distance from T-tracts, affecting both pathways similarly. Kinetically, transcript release takes consistently longer in decomposing than recycling termination, aligning with polymerase displacement versus RNA shearing. Furthermore, an RPC10 subunit mutation causes recurrent elongation arrest with differential effects on termination pathways, revealing its selective role in governing this branching process. These findings reinforce evolutionary conservation of termination-pathway duality and highlight diversion of pathway preference in human RNAP3 termination, establishing its fundamental mechanistic principles.",Nature communications,2026 May 23,10.1038/s41467-026-73393-6,https://pubmed.ncbi.nlm.nih.gov/42177175/,"Han S, Wang Q, Song E, Kang C, Xu Y, Hohng S",9.5,"keyword+4.5, journal+5.0"
PubMed,42206360,A pair of DNA glucosyltransferases elevate counter-defense in bacteriophage T4.,"Bacteriophages encode diverse nucleotide-modification pathways to evade host restriction-modification (RM) and CRISPR-Cas systems. On the other hand, modifications can also serve as a target for host defense systems, illustrating the complexity of the defense and counter defense landscape. Bacteriophage T4 encodes two glucosyltransferases (GTs), α-GT and β-GT, that post-replicatively add a glucose moiety to the hydroxymethylated deoxycytosines (5-hmC) on phage DNA in the α- and β-conformation, respectively. Among all fully sequenced phages, only six closely related phages encode both α-GT and β-GT. Here, through biochemical and genetic analysis, we show that β-GT has higher catalytic activity, whereas α-GT is more strongly expressed. During T4 infection, these factors determine the contributions of both GTs, with 66% of all 5-hmC α-glucosylated and 33% β-glucosylated. Encoding a single GT is sufficient to overcome the Escherichia coli RM systems, unless the glucosylation levels decrease below 80%, which constitute a complete protection threshold. However, when encountering a host encoding DNA glycosylase Brig1, in addition to type I and type IV RM systems, a second GT is necessary to enable Brig1 escapers to resist RM systems. These results demonstrate that encoding multiple GTs serves as a counter-defense mechanism when simultaneously confronted with several antiphage defense systems.",Nucleic acids research,2026 May 20,10.1093/nar/gkag531,https://pubmed.ncbi.nlm.nih.gov/42206360/,"Ramirez-Chamorro L, Bonhomme F, Wolff ALI, Stouf M, Lecointe F, Hollenstein M, Krupovic M, De Paepe M, et al.",9.5,"keyword+4.5, journal+5.0"
PubMed,42212800,Chromid-like secondary replicons as predicted key sites of biosynthetic gene clusters in Ktedonobacteria.,"Soils harbor immense biosynthetic gene cluster (BGC) diversity that mediates microbial interactions, yet this potential remains unevenly mapped and poorly characterized across diverse bacterial lineages. Ktedonobacteria (phylum Chloroflexota) are an actinomycete-like lineage widely distributed in terrestrial soils, including oligotrophic volcanic deposits; however, their secondary metabolism and genome architecture remain poorly characterized. Here, we integrate targeted cultivation from volcanic soils at Mount Zao (Japan) with genome-resolved metagenomics and comparative analysis of public genomes to examine biosynthetic potential across 183 ktedonobacterial genomes. We identified 1,546 BGCs and grouped them into 1,162 non-redundant gene-cluster families (GCFs) using antiSMASH and BiG-SLiCE. Nearly one quarter of genomes encoded ≥10 distinct GCFs, and several family-level clades exhibited high GCF richness that approached that of Streptomyces within our data set, highlighting a putatively biosynthetically rich yet underexplored soil bacterial lineage. Most ktedonobacterial BGCs were highly divergent from current reference collections and exhibited unusually low intra-genomic redundancy, suggesting broad putative chemical diversity. Long-read assemblies from 10 cultured strains revealed recurrent 1.6-3.5 Mb ECE-like contigs with chromid-like features, but distinct maintenance features. These replicons were consistently enriched in BGCs and mobility-associated genes, with mobility loci concentrated near BGC boundaries. Collectively, our results expand the phylogenetic landscape of soil biosynthetic diversity and highlight ECE-like contigs as major genomic reservoirs for secondary metabolism in Ktedonobacteria. Soil bacteria produce many of the small molecules that become medicines and help microbes interact with each other. Yet most of this chemical diversity remains unexplored because many soil lineages are difficult to cultivate and remain genomically underrepresented. Much of what we know comes from well-studied groups such as actinomycetes, leaving many soil lineages largely unexplored. We analyzed 183 genomes from Ktedonobacteria, an actinomycete-like group within the phylum Chloroflexota that is widespread in terrestrial soils, including nutrient-poor volcanic deposits. We uncovered a large and diverse set of gene clusters predicted to produce secondary metabolites, many of which lack close counterparts in current reference collections. We also show that these clusters are concentrated on large ECE-like contigs with chromid-like features, pointing to a dedicated genomic reservoir that can accumulate and reshuffle biosynthetic traits. Our results expand the known sources of soil biosynthetic diversity and provide a foundation for future cultivation and functional characterization of Ktedonobacteria metabolites.",mSystems,2026 May 29,10.1128/msystems.00197-26,https://pubmed.ncbi.nlm.nih.gov/42212800/,"Yabe S, Zheng Y, Takahashi S, Yang C, Nose Y, Yamazaki S, Okuma N, Rachmania MK, et al.",9.3,"keyword+5.5, journal+3.8"
PubMed,42212684,Decoding the microbiome: artificial intelligence-targeted gut microenvironment breakthroughs in personalized cancer therapy.,"The gut microbiome functions as a key regulator of tumorigenesis and progression, thereby modulating tumor development and treatment outcomes (including chemoresistance, immunotherapy efficacy, and adverse effects) through its influence on the immune microenvironment and metabolite-mediated signaling pathways. Recent advances in multiomics technologies (metagenomics, metabolomics, and transcriptomics) have generated large-scale, comprehensive, and heterogeneous datasets whose complexity exceeds the capabilities of manual analysis, thus necessitating the implementation of artificial intelligence-based approaches. This review systematically examines the crucial role of the gut microbiome in tumorigenesis, with particular emphasis on colorectal cancer (CRC), specifically addressing its utility as a diagnostic and prognostic biomarker. Furthermore, building upon existing applications of artificial intelligence (AI) in microbiome research and cancer diagnosis and treatment, this review presents an AI-driven precision intervention framework and delineates personalized treatment strategies.",Gut microbes,2026 Dec 31,10.1080/19490976.2026.2672791,https://pubmed.ncbi.nlm.nih.gov/42212684/,"Liu J, Zhao P, Jiang D, Li S, Jin C, Xu D, Wang X, Chen Y, et al.",9.0,"keyword+4.0, journal+5.0"
PubMed,42216307,Predicting Bacterial Radiation Resistance Through Identifying Novel Genomic Features.,"Radiation resistance in bacteria is a critical trait with implications for biotechnology, medicine and environmental science. Deinococcus species possess unique genomic features that enable their extraordinary survival in extreme environments. However, the diversity of radiation resistance mechanisms across bacteria remains poorly explored. Here, we analysed the genomic diversity and functional gene repertoire of Deinococcus and extended the analysis to a broader set of radiation-resistant bacteria. We found that highly resistant strains tend to have smaller genomes and harbour more genes positively associated with radiation resistance, highlighting their potential roles in sustaining cellular homeostasis under radiation-induced stress. By integrating machine learning with curated genomic datasets, we identified key resistance-associated gene signatures and developed a predictive tool to quantify bacterial radiation resistance. This study offers new insights into the genomic basis of radiation resistance and provides a practical framework for its assessment in environmental and microbial engineering applications.",Environmental microbiology,2026 Jun,10.1111/1462-2920.70338,https://pubmed.ncbi.nlm.nih.gov/42216307/,"Liu J, Fang C, Ji B, Zhang T, Li L, Zhu L, Zhang Z, Zhu Z, et al.",9.0,"keyword+5.5, journal+3.5"
PubMed,42215467,The prokaryotic origins of the COMMD protein family involved in eukaryotic membrane trafficking.,"The ten eukaryotic COMMD proteins are core components of the Commander complex, with central roles in endosomal membrane trafficking and signalling. Each protein has an α-helical N-terminal (HN) domain with a C-terminal copper metabolism gene MURR1 (COMM) domain. These ten family members assemble into a heterodecameric ring composed of five specific heterodimers. In this work we have combined structural homology searches with genome-wide predicted structures to identify ancestral COMMD-like proteins that exist as single genes in Bacteria and Archaea. Although there is limited sequence similarity to the eukaryotic proteins the bacterial and archaeal COMMD-like proteins are predicted to form homomeric ring-shaped assemblies like their eukaryotic counterparts. Our biophysical studies, crystal and cryo-EM structures confirm COMMD-like proteins readily form homooligomeric rings composed of eight or ten subunits assembled from core dimeric building blocks and inter-dimer interactions that are analogous to the heterodecameric core structure of the eukaryotic Commander complex. Phylogenetic analyses using amino acid sequences and FoldSeek structural alphabet (3Di) infer that the closest identified relatives to the eukaryotic COMMD proteins are found in Myxococcota bacteria. These findings indicate that COMMD genes emerged early in eukaryotic evolution through multiple rounds of duplication from a single ancestral gene likely acquired from bacteria.",Nature communications,2026 May 29,10.1038/s41467-026-73536-9,https://pubmed.ncbi.nlm.nih.gov/42215467/,"Liu M, Moody ERR, Blades F, Puente-Lelievre C, Chen KE, Stephens EJ, Michie KA, Cater RJ, et al.",9.0,"keyword+4.0, journal+5.0"
PubMed,42214335,Bacterial defense via RES-mediated NAD+ depletion is countered by phage phosphatases.,"Many bacterial defense systems restrict phage infection by breaking down the molecule nicotinamide (Nam) adenine dinucleotide (NAD+) into adenosine diphosphate ribose (ADPR) and Nam. To counter NAD+ depletion-mediated defense, phages evolved NAD+ reconstitution pathway 1 (NARP1), which uses ADPR and Nam to rebuild NAD+. Here, we report a bacterial defense system called aRES, involving RES-domain proteins that are triggered by a phage DNA polymerase to degrade NAD+ into Nam and ADPR-1″-phosphate (ADPR-1P). This molecule cannot serve as a substrate for NARP1; therefore, NAD+ depletion by aRES defends against phages even if they encode NARP1. Some phages evolved an extended NARP1 pathway capable of overcoming aRES defense. In these phages, the NARP1 operon also includes a specialized phosphatase that dephosphorylates ADPR-1P to form ADPR. Our study describes new layers in the NAD+-centric arms race between bacteria and phages and highlights the centrality of the NAD+ pool in cellular battles between viruses and their hosts.",Cell host & microbe,2026 May 29,10.1016/j.chom.2026.05.004,https://pubmed.ncbi.nlm.nih.gov/42214335/,"Osterman I, Hurieva B, Yirmiya E, Leavitt A, Hochhauser D, Itkin M, Malitsky S, Sorek R",9.0,"keyword+4.5, journal+4.5"
PubMed,42210432,Reproductive aging drives deterministic microbiota assembly to mitigate uterine oxidative phosphorylation impairment via spermidine production in laying hens.,"Reproductive aging represents a critical physiological bottleneck characterized by a progressive decline in tissue homeostasis and physiological function. While the gut microbiota is known to shift during host aging, the ecological forces governing the assembly of the reproductive microbiota and its functional feedback on uterine homeostasis remain poorly understood. We demonstrated that uterine aging drives a transition from stochastic to deterministic microbial community assembly, selecting for a microbiota enriched in Rhodococcus in aged laying hens. Multi-omics analyses revealed that this deterministic shift acts as a compensatory mechanism to counteract age-related energy metabolism decline in the uterus. Mechanistically, the aged uterus suffered from oxidative phosphorylation impairment due to PARP1-mediated NAD+ depletion in response to accumulated DNA damage. However, the specific colonization of Rhodococcus ruber, or the administration of its metabolite spermidine, rescued this phenotype. Spermidine improved uterine energy metabolism by inducing PINK1/Parkin-mediated mitophagy, thereby restoring mitochondrial quality control and ATP production essential for eggshell biomineralization. This study uncovers a previously unrecognized role of the microbiota in reproductive aging: resident microbes enhance oxidative phosphorylation in the aged uterus through the metabolite spermidine, which induces mitophagy. This process alleviates cellular energy deficiency caused by PARP1-mediated NAD + depletion, elucidating a key mechanism of host-microbe interaction in maintaining uterine energy homeostasis during aging. Video Abstract.",Microbiome,2026 May 29,10.1186/s40168-026-02437-2,https://pubmed.ncbi.nlm.nih.gov/42210432/,"Dai D, Long C, Ma K, Ma W, Wang P, Qi G, Zhou Z, Wang J",9.0,"keyword+4.5, journal+4.5"
PubMed,42204170,Long-term spatiotemporal evolution of drug-resistant Mycobacterium tuberculosis in China.,"Antibiotics have been used to treat tuberculosis for over 80 years, yet the long-term evolutionary dynamics of Mycobacterium tuberculosis (Mtb) under antibiotic pressure remain poorly characterized at the population level. Here, we analyze more than 18,000 available Mtb genomes to reconstruct the temporal and spatial evolution of drug resistance across China. We observe that resistance mutations to different drugs arose repeatedly, giving rise to hundreds to over a thousand small drug-resistant clades that mostly emerged within the past two decades. Once established, transmission of these clades was predominantly sustained within provinces, but could expand geographically with increased human mobility and bacterial fitness. In addition, we integrate published genomic and CRISPRi screening data to identify mutations associated with the emergence and transmission of drug resistance. Our study highlights the importance of human migration and bacterial adaption in shaping local epidemics of drug-resistant tuberculosis in China.",Nature communications,2026 May 27,10.1038/s41467-026-73577-0,https://pubmed.ncbi.nlm.nih.gov/42204170/,"Chen Y, Liang J, Liu D, Xu P, Jiang Q, Yang T, Liu Q, Takiff HE, et al.",9.0,"keyword+4.0, journal+5.0"
PubMed,42187284,A novel Schinkia sp. respires nitrous oxide over a broad pH range.,"Known bacteria reduce the climate-active gas nitrous oxide (N2O) to dinitrogen (N2) over narrow pH ranges, limiting their efficacy in pH heterogeneous soil environments. A dual pH (pH 4.5 → 7.0 → 4.5) enrichment strategy with N2O as electron acceptor yielded a novel Schinkia isolate, strain CFF1, capable of N2O reduction over broad pH (4.5-8.5) and salinity (1-20 g L-1 NaCl) ranges. Strain CFF1 couples complete fumarate oxidation with N2O respiration and produces 10.2 ± 2.4 mg of biomass (dry weight) per mmol N2O consumed. Fumarate, succinate, lactate, pyruvate, and propionate, but not acetate, formate, or hydrogen, support N2O respiration. N2O reduction rates of 6.13 ± 0.30 µmol N2O (mg biomass hour)-1 were measured at pH 7.5, with ~30% lower rates observed at pH 4.5 and 8.5. Acetylene (33%, vol/vol), a potent inhibitor of N2O reductase (NosZ), had no impact on the growth of strain CFF1 with N2O. Alternate growth-supporting electron acceptors include nitrate, nitrite, and O2. Genomic investigations revealed four distinct clade II nosZ genes, and proteomic measurements demonstrated the synthesis of the same two NosZ under both acidic and alkaline growth conditions. Physiological characterization and phylogenomic analysis indicate the isolate represents a new species in the genus Schinkia, for which the name Schinkia acidoalkalinis strain CFF1 is proposed. A soil isolate capable of reducing N2O over a broad pH range expands our understanding of the ecophysiology of N2O-reducing bacteria and N2O turnover in environments where pH varies across space and time.IMPORTANCEDissimilatory N2O reduction catalyzed by the N2O reductase NosZ is the major process consuming the climate-active gas N2O. Known N2O-reducing microorganisms operate within narrow pH windows, potentially limiting N2O turnover in heterogeneous soil environments. We isolated Schinkia acidoalkalinis strain CFF1 capable of reducing N2O at similar rates over a broad pH range spanning pH 4.5-8.5. The discovery of an N2O-reducing pH generalist expands opportunities for developing robust biotechnologies to enhance N2O consumption in natural and engineered systems characterized by pH heterogeneity.",Applied and environmental microbiology,2026 May 26,10.1128/aem.00069-26,https://pubmed.ncbi.nlm.nih.gov/42187284/,"He G, Davin ME, Kolodney S, Stutzman E, Wright A, Hettich RL, Löffler FE",9.0,"keyword+5.5, journal+3.5"
PubMed,42186092,Yeast culture promotes butyrate produced fibrolytic bacteria as intracellular hydrogen sink in the rumen.,"Yeast culture (YC) supplementation is widely adopted to mitigate rumen pH depression and alleviate the inhibition of fiber degradation under starch-rich diets. Yet, the underlying microbial mechanisms, particularly how yeast culture orchestrates fibrolytic communities and affects metabolic hydrogen flow in the rumen, remain a critical knowledge gap. Accordingly, elucidating the microbial basis by which yeast culture modulates fiber degradation and hydrogen utilization under starch-rich diets is of both theoretical and practical importance. We conducted a study with growing lambs receiving starch-rich diets that differed only in yeast culture supplementation (CON 0%, YC 1%). We evaluated their growth performance, apparent total-tract digestibilities, rumen fermentation end-products, and the rumen metagenome. The YC treatment increased the lambs' final body mass (P = 0.02), average daily gain (P = 0.03), digestibilities of neutral detergent fiber (P < 0.001) and acid detergent fiber (P < 0.001), and rumen pH (P < 0.05), and tended to increase organic matter digestibility (P = 0.09). In addition, total VFA concentrations, particularly butyrate, were higher at 6 h post-morning feeding (P = 0.01). Fibrolytic and hydrogenotrophic taxa (e.g., Ruminococcus_E and Quinella) and CAZyme families, including GH43, GH31, GH9, and GH35, were enriched by the YC treatment, as were bacteria involved in fiber degradation and butyrate production. Furthermore, none of the top five YC treatment-enriched bacterial genomes contained any hydrogenase genes, which indicates that this butyrogenic fibrolytic consortium is significantly different from the hydrogen-producing fiber-degrading microorganisms we are familiar with. Yeast culture supplementation promoted the proliferation of a distinct butyrogenic consortium that degrades fiber while apparently disposing intracellularly metabolic hydrogen generated during fermentation, rather than releasing it as H2. These findings provide a microbial basis for understanding how yeast culture improves fermentation efficiency under starch-rich diets and suggest that selecting yeast culture products capable of promoting butyrogenic fibrolytic bacteria may be beneficial for ruminant performance and rumen stability. Video Abstract.",Microbiome,2026 May 25,10.1186/s40168-026-02436-3,https://pubmed.ncbi.nlm.nih.gov/42186092/,"Wang L, Li F, Ma Z, Ungerfeld EM, Zhang T, Zhang Z, Liu X, Zhang Q, et al.",9.0,"keyword+4.5, journal+4.5"
PubMed,42206586,Dereplication-assisted culturomics enables strain-level ecological analysis of the human gut microbiome.,"Recent advances in culturomics have enabled large-scale recovery of microbial isolates from the human gut, generating extensive culture collections that bridge metagenomic predictions and experimental validation. However, these isolate resources remain largely underutilized, as conventional culturomics prioritizes the discovery of novel species while massive collections of commensal isolates persist as unexplored biological datasets. Dereplication, particularly based on MALDI-TOF MS spectral features, has been largely regarded as a logistical tool for managing redundancy rather than an analytical asset. Here, we reposition dereplication as an analytical framework for interpreting large-scale culturomics datasets and resolving strain-level ecological patterns. We applied the SPeDE pipeline to a comprehensive collection of 2,231 isolates, including Bifidobacterium spp. and Enterococcus faecium, recovered from healthy donor feces. Spectrum-derived operational isolation units (OIUs) revealed host-associated strain-level repertoires and lineage-like clustering within species. Notably, distinct spectral clusters observed in E. faecium corresponded to clade-level patterns identified through shotgun metagenomic analysis. These findings demonstrate that dereplication-assisted culturomics can extend beyond redundancy control to enable high-resolution ecological interpretation of cultured microbiome datasets. By reframing dereplication as a bridge between large-scale isolate generation and strain-level microbiome ecology, this study outlines a conceptual and practical direction for the next phase of human microbiome research in the post-culturomics era.",Gut microbes,2026 Dec 31,10.1080/19490976.2026.2681840,https://pubmed.ncbi.nlm.nih.gov/42206586/,"Yeo S, Park H",8.5,"keyword+3.5, journal+5.0"
PubMed,42178721,Altered SIgA-targeting of gut microbiota is associated with long-term dysbiosis in pediatric solid organ transplant recipients.,"The composition of the gut microbiota (GM) is altered in solid organ transplantation (SOT) recipients, where the degree of dysbiosis is associated with long-term survival and is believed to be influenced by immunosuppression therapy. At the interface stands secretory (S)IgA, however, little is known about its role in governing dysbiosis in the context of SOT. We performed quantitative metagenomic analyses of the GM accompanied by SIgA sequencing in 48 pediatric SOT recipients (age = 10.6 ± 4.7 y) receiving either heart (n = 11), kidney (n = 10) or liver transplantation (n = 27), and compared the results to age-matched healthy controls (HC, n = 16). We confirmed compositional and functional dysbiosis in SOT recipients, with the degree of dysbiosis being associated with tacrolimus (TAC) levels. Overall, SOT recipients exhibited higher SIgA levels than HC, along with an increased percentage of bacteria targeted and altered target spectra. Furthermore, altered SIgA responses were associated with the degree of dysbiosis. A mechanistic model connecting immunosuppression, GM composition and SIgA-targeting is proposed, suggesting that GM dysbiosis in SOT recipients is mediated by the immune system through the SIgA response; direct drug-mediated effects on fecal communities were not observed in in vitro experiments. Our study provides new insights into factors that contribute to persisting dysbiosis in SOT recipients.",Gut microbes,2026 Dec 31,10.1080/19490976.2026.2675078,https://pubmed.ncbi.nlm.nih.gov/42178721/,"Schulze K, Goldschmidt I, Melk A, Boehne M, Woltemate S, Ballmaier M, Kleiner S, Lehmann E, et al.",8.5,"keyword+3.5, journal+5.0"
PubMed,42210078,First report and genomic characterization of an mcr-10.1-carrying Enterobacter kobei strain isolated from a domestic kitchen sink in China.,"The Enterobacter cloacae complex (ECC), a member of the genus Enterobacter within the family Enterobacteriaceae, is an important opportunistic pathogen associated with nosocomial infections. Colistin is considered a last-resort antimicrobial for multidrug-resistant Gram-negative infections; however, the emergence and dissemination of plasmid-mediated colistin resistance genes, particularly mcr variants, have raised significant public health concerns. Among these, mcr-10 has been increasingly detected in ECC isolates from diverse clinical and environmental sources, underscoring the importance of genomic surveillance to elucidate its genetic context and transmission potential. Swab samples were collected from a kitchen sink and cultured for bacterial isolation, followed by species identification using MALDI-TOF MS. Antimicrobial susceptibility was determined by the broth microdilution method, with results interpreted according to EUCAST and CLSI guidelines. Whole-genome sequencing was performed using a hybrid approach combining Illumina short-read and Oxford Nanopore long-read sequencing. Genome annotation and antimicrobial resistance gene detection were conducted using RAST and ResFinder, respectively. Multilocus sequence typing and plasmid replicon typing were performed using the MLST and PlasmidFinder tools. Comparative plasmid analysis was carried out with EasyFig and BLAST Ring Image Generator, while phylogenetic relationships were inferred using a core-genome-based phylogenetic analysis, and the resulting tree was visualized with iTOL. Enterobacter kobei JX24083 was resistant to cefazolin, cefoxitin, and fosfomycin. Consistently, the isolate harbored the resistance genes blaACT-9 and fosA on the chromosome. The colistin resistance gene mcr-10.1 was identified on an IncFIB plasmid in the isolate; however, the isolate remained susceptible to colistin (MIC = 1 mg/L). Exposure to subinhibitory concentrations of colistin upregulated mcr-10.1 expression in vitro. Comparative sequence analysis revealed a conserved xerC-mcr-10 genetic context among Enterobacter kobei isolates harboring plasmid-borne mcr-10. Phylogenetic analysis of JX24083 together with 46 mcr-10-carrying ECC isolates from GenBank showed that several dominant sequence types, including ST681, ST125, and ST1, were distributed across different hosts and countries, indicating the potential for international dissemination. The first report of an E. kobei isolate from a domestic kitchen sink in China carrying a conserved xerC-mcr-10 plasmid backbone, yet remaining susceptible to colistin, highlights the potential for silent dissemination of mcr-10 within the Enterobacter cloacae complex (ECC) and underscores the need for continuous One Health-oriented surveillance of environmental reservoirs.",BMC microbiology,2026 May 28,10.1186/s12866-026-05205-2,https://pubmed.ncbi.nlm.nih.gov/42210078/,"Liu X, Li P, Yan Y, Gao L, Jia M, Wang S, He P, Zhu G, et al.",8.5,keyword+8.5
PubMed,42178569,Ammonia oxidation and recalcitrant carbon degradation fuel mixotrophic growth in the symbiont community of a deep-sea sponge.,"Sponges are important members of shallow-water, benthic ecosystems, where they often rely on their microbial symbionts to acquire organic or inorganic carbon. Sponges are also found in the deep sea, however, how they metabolically interact there with their symbionts remains underexplored. Here, we combined metagenomic, metatranscriptomic and stable-isotope labelling approaches to investigate the metabolic activities of the microbial community of the deep-sea sponge Calyx sp. Approximately 84% of the total estimated microbial abundance was composed of nine heterotrophic phyla, whilst the remaining 16% consisted of two autotrophic ammonia-oxidising archaea. Metatranscriptomic analysis revealed the high expression of genes involved in the degradation of recalcitrant polysaccharides of algal origin, suggesting that an undegraded fraction of marine snow plays a role in the nutrition of this deep-sea holobiont. Additionally, we detected active ammonia oxidation and carbon fixation pathways in the autotrophic community members and, through ex situ incubations with labelled carbonate show a potential to fix 13.67 mg CO2 per g dry weight in a year. This study highlights the mixotrophic lifestyle of a deep-sea sponge microbiome, expanding our knowledge of the sponge-microbe symbiosis in the oligotrophic environment of the deep ocean. Video Abstract.",Microbiome,2026 May 25,10.1186/s40168-026-02411-y,https://pubmed.ncbi.nlm.nih.gov/42178569/,"Garritano AN, J Hill L, Ribeiro B, Damasceno T, Medeiros L, Duarte G, L S Vilela C, Majzoub ME, et al.",8.5,"keyword+4.0, journal+4.5"
PubMed,42176189,Distribution of a novel DsrEFH sulfur transferase suggests widespread sulfur oxidation capacity in sulfate reducers.,"Microbial sulfur cycling is typically divided into an oxidative and a reductive branch, with microbes driving either sulfide oxidation or sulfate reduction distinguished by their genomic setup. Paradoxically, filamentous cable bacteria perform electrogenic sulfide oxidation but contain genes indicative of sulfate reduction, including the reductive type of dissimilatory sulfite reductase (DsrAB), whereas they apparently lack the canonical sulfur transferase DsrEFH essential for sulfur oxidation. AlphaFold2 structure prediction of conserved cable bacteria proteins with unknown functions identified a protein complex resembling canonical DsrEFH (hereafter termed DsrEFH type II). In vitro characterization of heterologously expressed DsrEFH type II confirmed its sulfur transferase function and, together with site-directed mutagenesis, verified that the conserved cysteine, Cys67, is the active sulfur transfer residue. Genes encoding the novel DsrEFH type II were found in 985 prokaryotic genomes. They typically co-occurred with genes for reductive DsrAB in microbes characterized as sulfate reducers or sulfur disproportionators. This study not only fills an important gap in the sulfide oxidation pathway of cable bacteria, but also suggests that a wide range of sulfate reducing bacteria may be more metabolically versatile than currently understood, representing a major shift in the perception of this globally significant physiological group of microorganisms.",The ISME journal,2026 May 23,10.1093/ismejo/wrag130,https://pubmed.ncbi.nlm.nih.gov/42176189/,"Plum-Jensen LE, Mohr MG, Tanabe TS, Wang B, Echers SG, Madsen NS, Thorup C, Linhartova M, et al.",8.5,"keyword+4.0, journal+4.5"
PubMed,42212790,Moving from a taxonomic to a functional perspective in global microbiome analysis requires optimizing multiplexing ratios.,"Next-generation sequencing has revolutionized microbiome research, yet the transition from taxonomic to functional profiling remains a major technical challenge. While marker gene sequencing provides a widely accessible ecological view, it often lacks the resolution for actionable insights. This perspective argues that shifting to whole metagenomic sequencing is essential for mapping functional potential, such as antimicrobial resistance, and metabolic pathways. However, we identify a critical bottleneck: excessive multiplexing. High multiplexing ratios reduce the number of unique molecules per sample, leading to high duplication rates and the stochastic dropout of low-abundance genes. We demonstrate that functional profiles are far more sensitive to these library complexity issues than taxonomic ones. We recommend prioritizing total sequencing depth and reducing multiplexing to ensure sufficient unique coverage. Additionally, adopting long-read or hybrid architectures is vital for providing the genomic context necessary for strain-level resolution. These optimizations are prerequisites for robust global microbiome synthesis and translational science.",mSystems,2026 May 29,10.1128/msystems.00144-26,https://pubmed.ncbi.nlm.nih.gov/42212790/,"Zielińska K, Pantiukh K, Org E, Łabaj PP, Kosciolek T",8.3,"keyword+4.5, journal+3.8"
PubMed,42208547,Forces Shaping Diversity of Hydrogen Peroxide Detoxification Potential in Ocean Microbial Ecosystems.,"Microbial communities have evolved interactions to support growth and essential ecosystem functions. For example, marine cyanobacteria like Prochlorococcus lack the catalase genes (katE, katG and manganese catalase) required for detoxifying freely-diffusible hydrogen peroxide, relying on co-occurring catalase-carrying 'helper' microbes for this function. However, the eco-evolutionary forces shaping catalase distribution are not well understood. We examined genomes, metagenome-assembled genomes (MAGs), and metagenomes to assess catalase gene distributions across diverse marine prokaryotes-including within the known 'helper' genus Alteromonas-and across surface ocean ecosystems. Within Alteromonas, most genomes contain two katE copies, while katG copy number varies across species. Across ecosystems, the Altermonadaceae family is the predominant katE carrier. Some taxa (e.g., SAR202) lack all catalases, highlighting their dependence on 'helpers'. Overall, streamlined genomes, including from SAR11, generally have one katG copy and lack katE, while larger genomes with higher GC content characteristic of copiotrophs have more copies of both catalases. Finally, in free-living communities, katG gene frequency increases with decreased particulate organic carbon (POC) concentrations, whereas in particle-associated communities, katE gene frequency increases with elevated POC. Together, these observations suggest that hydrogen peroxide detoxification capabilities are widespread and shaped by the contributions of particle-associated microbes to total community metabolism.",Environmental microbiology,2026 Jun,10.1111/1462-2920.70315,https://pubmed.ncbi.nlm.nih.gov/42208547/,"Goldberg H, Dyhrman ST, DeMers MA, Braakman R, Hennon GMM",8.0,"keyword+4.5, journal+3.5"
PubMed,42212640,Prolific S-layer shedding and associated proteins from the methanotroph Methylomicrobium album BG8.,"Some methanotrophs synthesize S-layers that overlay their outer membrane. Transmission electron microscopy imaging revealed that Methylomicrobium album BG8 constitutively sheds abundant S-layer units, a phenotype not found in seven other methanotrophs, even though Methylotuvimicrobium buryatense 5GB1 produces a similar structure. The release of S-layer units occurred regardless of carbon (methane or methanol) or nitrogen (ammonium or nitrate) source, with 50× trace metals, under copper deprivation, and at all growth phases. The released S-layer units were isolated from the culture medium of M. album BG8 by density gradient centrifugation for proteome analysis. The proteome revealed S-layer protein subunits, transporters for calcium uptake, including TolC and repeats-in-toxin (RTX) proteins, transporters for uptake of cobalamin and siderophores, cell wall biogenesis proteins, and proteins with Type I secretion system (T1SS) target domains. M. album BG8 adapted to grow at pH 4 lost its S-layer, and genome analysis revealed a frameshift mutation resulting in reduced expression of the S-layer unit gene, and an in-frame deletion mutation resulting in almost no expression of an S-layer-associated porin gene. Together, the results suggest that the biogenesis and secretion of M. album BG8 S-layer is mediated by its associated T1SS, the S-layer possesses metal acquisition functions, and low pH adaptation of M. album BG8 results in the loss of its S-layer, likely due to reduced or incomplete expression of S-layer units and the loss of an associated porin. The involvement of the T1SS and shedding phenotype of the S-layer in M. album BG8 could be applied toward selective secretion of proteins and other factors of bioindustrial interest. The methanotrophic bacterium Methylomicrobium album BG8 produces and sheds large quantities of S-layer units into the culture medium regardless of carbon or nitrogen source, metal availability, or growth phase. Of the eight methanotrophic bacteria screened, only M. album BG8 possessed this phenotype. Proteomics analysis of density gradient-purified culture supernatant identified the S-layer protein units and proteins involved in metal uptake and S-layer biogenesis, some with secretion signals for the T1SS. M. album BG8 adapted to grow at low pH lost the production of its S-layer due to mutations in the genes encoding S-layer units and an associated porin. Better understanding of M. album BG8 S-layer production and its shedding phenotype could be harnessed for exporting expressed proteins and bioproducts of industrial interest for the ease of collection and downstream processing.",Applied and environmental microbiology,2026 May 29,10.1128/aem.00607-26,https://pubmed.ncbi.nlm.nih.gov/42212640/,"Hermary MK, Rodriguez Gallo MC, Rieberger R, Grigonyte AM, McDonald K, Uhrig RG, Sauvageau D, Stein LY",8.0,"keyword+4.5, journal+3.5"
PubMed,42207417,Engineering Bacillus Subtilis for Efficient Biosynthesis of Riboflavin: Current Knowledge and Future Perspectives.,"Riboflavin is an essential water-soluble vitamin that serves as a precursor for the biosynthesis of the flavin cofactors FMN and FAD, which play pivotal roles in numerous redox and energy metabolism reactions. With the growing global demand for sustainable vitamin production, microbial fermentation has become an attractive alternative to chemical synthesis due to its environmental and economic advantages. Among microbial hosts, Bacillus subtilis has emerged as a leading cell factory for riboflavin production owing to its GRAS status, well-characterized genetics, and efficient protein secretion system. This review provides a comprehensive overview of recent advances in metabolic engineering strategies to enhance riboflavin biosynthesis in B. subtilis. Key topics include strengthening biosynthetic and precursor pathways, relieving feedback inhibition, balancing metabolic flux and cell growth, employing adaptive laboratory evolution, and utilizing omics-guided optimization and 13C metabolic flux analysis. Moreover, the integration of synthetic biology tools such as riboswitch engineering, regulatory element design, and high-throughput screening has significantly accelerated strain improvement. Despite remarkable progress, challenges remain in achieving precise regulatory control, optimizing multi-gene expression, and enhancing genome integration efficiency. Future research combining multi-omics data, synthetic regulatory design, and machine learning-driven predictive modeling is expected to further advance the development of intelligent B. subtilis cell factories. However, the practical implementation of these systems remains constrained by the metabolic burden of overproduction and the lack of universal regulatory models that can predict strain performance across varying industrial scales.",Applied biochemistry and biotechnology,2026 May 28,10.1007/s12010-026-05755-1,https://pubmed.ncbi.nlm.nih.gov/42207417/,"Yu XZ, Liu ZY",8.0,keyword+8.0
PubMed,42206362,Correction to 'Functional convergence in Z-DNA biosynthesis highlighted by the characterization of nucleotide metabolism enzymes in bacteriophages'.,,Nucleic acids research,2026 May 20,10.1093/nar/gkag563,https://pubmed.ncbi.nlm.nih.gov/42206362/,,8.0,"keyword+3.0, journal+5.0"
PubMed,42200295,Bacterial type II topoisomerases cleave DNA in a species-specific manner.,"The type II topoisomerases, gyrase and topoisomerase IV, are ubiquitous enzymes in bacteria that help regulate DNA topology and are the molecular targets of fluoroquinolone antibacterials. As part of their catalytic mechanism, these enzymes transiently cleave DNA in a sequence-dependent manner. Determining the extent to which various factors influence the sequence-dependent cleavage of these enzymes, particularly across bacterial species, could help reveal important insights into their physiological functions and guide the development of new, more effective antibacterials. Here, we used our recently developed SHAN-seq method to map and compare the DNA cleavage site preferences of gyrases and topoisomerase IVs from three different pathogenic bacterial species, Escherichia coli, Bacillus anthracis, and Mycobacterium tuberculosis, in the presence of the fluoroquinolone, ciprofloxacin. We found that the enzymes' cleavage specificities vary across bacterial species, with DNA supercoil chirality, and in response to ciprofloxacin. Our findings suggest that subtle variations in the enzymes' catalytic core and C-terminal domains alter their cleavage site preferences, which could, in turn, influence their physiological activities and susceptibility to fluoroquinolone antibacterials.",Nucleic acids research,2026 May 20,10.1093/nar/gkag527,https://pubmed.ncbi.nlm.nih.gov/42200295/,"Morgan IL, Jian JY, Armenia JF, Osheroff N, Neuman KC",8.0,"keyword+3.0, journal+5.0"
PubMed,42200614,The Hungate1000 prokaryotic culture collection encodes a wide variety of bacteriocins.,"Bacteriocins are antimicrobial peptides/proteins that are widely distributed among bacteria and are gathering traction as natural alternatives to antibiotics, modulators of the microbiota, and interbacterial signaling peptides. The Hungate1000 is a culture collection of isolated prokaryotic microorganisms and their genomes from ruminant animals that aims to expand the knowledge base of rumen ecology. In this study, 410 rumen-isolated prokaryotes within the collection were mined to expand upon the bacteriocin-producing potential of the rumen. A total of 408 novel bacteriocin gene clusters were identified across 308 genomes. Bacteriocins in novel species within the Hungate1000 were identified, such as Pseudobutyrivibrio sp. UC1225, which has two novel natural nisin variants, Clostridium sp. DSM 8431 with a novel peptide 81% identity to amylocyclicin and Lachnobacterium C7 encoding a novel circular bacteriocin with 55% identity to the circular bacteriocin NKR-5-3B. A novel class II lanthipeptide gene cluster was also identified containing eight distinct core peptides encoded within the genome of a novel Butyrivibrio species. Bacteriocin biosynthetic potential was noted within species unknown to produce bacteriocins, such as Lachnobacterium bovis DSM 14045, Lachnospira multipara D15d, Eubacterium callanderi NLAE-zl-G225, Eisenbergiella tayi NLAE-zl-G231, and Muricomes contorta NLAE-zl-C134. The frequency of putative bacteriocin production within ruminal strains was 30%, doubling the frequency previously suggested in the mammalian gastrointestinal tract. This number increases to ~70% when encompassing groups of peptides with limited knowledge of antibacterial activity, such as ranthipeptides and auto-inducing peptides. We also show that the bacteriocin core peptides mined from the Hungate1000 culture collection are found in the microbiomes of other ruminant animals and the human gut microbiome. These findings highlight the Hungate1000 as a rich biosynthetic reservoir of cultured strains that can be experimentally explored for functional antimicrobial activity. The presence of diverse bacteriocin-producing lineages in rumen-associated microbes provides a foundation for future strategies aimed at targeted microbiome modulation, including approaches to improve rumen function and potentially mitigate enteric methane emissions using bacterial strains or their natural products.IMPORTANCEBacteriocins are gathering traction as a possible alternative to antibiotics in some instances. Therefore, it is crucial to discover novel bacteriocins to expand the bacteriocin knowledge base if these peptides are to be translated to the clinic for use in humans or developed as veterinary interventions to modulate rumen function. Here, we use in silico methods to identify the biosynthetic potential of the Hungate1000 culture collection of rumen bacterial strains. We discover 408 novel bacteriocin gene clusters across 308 genomes and identify that the frequency of bacteriocin gene clusters is over 30%, which is double the incidence rate from previous studies of the mammalian gastrointestinal tract. This number increases to approximately 70% when including bacteriocin classes such as ranthipeptides and cyclic-lactone-autoinducer peptides. Together, these findings position the rumen microbiome as a rich and underexplored reservoir of antimicrobial diversity, with potential for the development of targeted microbiome-modulating therapeutics, livestock interventions aimed at improving rumen function, and strategies aligned with One Health goals, including antimicrobial stewardship and methane mitigation.",mSystems,2026 May 27,10.1128/msystems.00195-26,https://pubmed.ncbi.nlm.nih.gov/42200614/,"Hourigan D, Draper L, Leahy SC, Attwood GT, Kelly WJ, Stanton C, Hill C, Ross RP",7.8,"keyword+4.0, journal+3.8"
PubMed,42199008,Increasing plant protein sources in the diet modulates gut microbiota and tryptophan metabolism in men at cardiometabolic risk.,"This study investigated the effect of partially substituting dietary animal with plant protein (PP) sources on the fecal microbiota composition and metabolome in men with increased cardiometabolic risk. In a randomized, controlled, crossover feeding trial (NCT04236518), 19 men with high plasma triglycerides and waist circumference completed two 4-week isoenergetic diets: a flexitarian diet high in PP sources (FLEX, 64% PP) and a more animal-based control diet (CON, 36% PP). Fecal microbiota (shotgun metagenomics: taxa and metabolic pathways) and metabolome (targeted LC-MS) profiles were assessed before and after each diet and integrated with the host plasma metabolome. Delta values (Δd28-d1) were computed (n = 15 participants with all samples available), inter-individual variation was extracted to account for cross-over design, and OPLS-DA analyses comparing FLEX and CON Δd28-d1 were performed. Variables were selected based on their contribution to the diet discrimination effect (VIP > 1.5) and significant differences between groups (p-value < 0.05 from the paired Wilcoxon signed-rank test). The gut microbiota diversity remained unchanged, but FLEX reduced taxa associated with animal-based diets (e.g., Alistipes putredinis). Compared to CON, FLEX increased fecal xanthurenic acid and decreased the genetic potential for indole production. Combined with previously reported plasma changes (increased indole propionic acid and decreased indoxyl sulfate after FLEX), these findings suggest a shift away from indole production toward kynurenine and indole propionic acid-related tryptophan pathways, possibly driven by higher fiber intake, particularly from legumes. A one-month flexitarian diet thus modulated in men specific microbial taxa and metabolism, particularly tryptophan catabolism. These coordinated changes in microbial composition, functional potential, and metabolites indicate that diets higher in PP sources influence gut microbiota activities relevant to cardiometabolic health.",Gut microbes,2026 Dec 31,10.1080/19490976.2026.2677951,https://pubmed.ncbi.nlm.nih.gov/42199008/,"Lépine G, Davila AM, Cueff G, Pickering G, Ichou F, Perreau C, Lefranc-Millot C, Gilles M, et al.",7.5,"keyword+2.5, journal+5.0"
PubMed,42218119,Integration of donor microbiota following FMT correlates with anti-PD-1 response in melanoma.,"Fecal microbiota transplantation (FMT) has shown promise in improving anti-PD-1 therapy in melanoma, but the underlying microbial features remain poorly defined. We performed a strain-resolved metagenomic meta-analysis across three independent FMT plus anti-PD-1 melanoma trials (n = 41). Across cohorts, therapeutic benefit was linked to successful integration of donor microbiota, rather than increased diversity or engraftment of specific species. Responders acquired more donor-derived strains, exhibited greater post-FMT similarity to their donor, and maintained a more stable microbiome. Following FMT, non-responders' microbiomes showed greater taxonomic instability, larger fluctuations in estimated microbial load, and increased abundance of pathogen-associated secretion system genes, whereas responders showed enrichment for microbial functions involved in community-level metabolism and communication. Finally, shifts in tumor-infiltrating immune profiles tracked with clinical outcomes and microbiome changes. Together these findings highlight that distinct patterns of microbiome restructuring, including stable community transitions and altered functional capacity, are associated with anti-PD-1 response following FMT.",Nature communications,2026 May 30,10.1038/s41467-026-73465-7,https://pubmed.ncbi.nlm.nih.gov/42218119/,"Fessler JL, Olm MR, Engleman EG, Sonnenburg JL",7.5,"keyword+2.5, journal+5.0"
PubMed,42207290,Phage-derived proteins and conjugates induce pilus detachment.,"Antimicrobial resistance is a growing global health crisis, with ESKAPE pathogens, such as Acinetobacter species, contributing significantly to hospital-acquired infections. These bacteria employ various virulence factors, including extracellular type IV pili (T4P), which serve as essential appendages for DNA uptake, biofilm formation, and resistance to antibiotics. Single-stranded RNA (ssRNA) bacteriophages (phages) exploit these retractile pili as entry receptors, but the exact mechanism of viral RNA delivery following pilus binding and retraction remains poorly understood. In this study, we investigated the entry mechanism of the ssRNA phage AP205 on its host strain Acinetobacter higginsii. We identified the specific phage components necessary for T4P detachment, a key step in viral genome entry. Our data reveal that the phage's maturation protein (Mat) is sufficient to induce pilus detachment on its own, and the overall virion structure further enhances the efficiency of this process. These findings provide mechanistic insights into how ssRNA phages exploit bacterial T4P as part of their infection pathway and suggest a conserved strategy for host entry. Acinetobacter species are environmental bacteria and members of the ESKAPE pathogens, associated with hospital-acquired infections among immunocompromised patients. Rising antibiotic resistance among Acinetobacter is partly attributed to its use of type IV pili (T4P) to evade treatment. Targeting these virulence factors is a promising strategy to combat these pathogens. Single-stranded RNA bacteriophages naturally interact with T4P, and recent research suggests they can detach pili during infection, but the mechanism remains unclear. Our study identifies components required for this pilus detachment, addressing this knowledge gap. These findings advance understanding of T4P virulence in Acinetobacter species and may guide future approaches to combat antibiotic-resistant infections.",Journal of bacteriology,2026 May 28,10.1128/jb.00604-25,https://pubmed.ncbi.nlm.nih.gov/42207290/,"Frese A, Zhao Z, Zhang J, Zeng L",7.5,keyword+7.5
PubMed,42203770,Dual human milk oligosaccharide-fibre utilisation is a selection cue for the weaning gut microbiome.,"Gut microbiome (GM) maturation in early life follows organised taxonomic successions, yet how the weaning diet impacts these trajectories remains underexplored. Here, we collected faecal samples at pre-, early and late weaning from seven mother-infant dyads forming the Milkome cohort, designed to evaluate the contribution of human milk oligosaccharides (HMOs) to GM maturation during weaning (NCT07026526). Surprisingly, all preweaning infant faecal consortia grew on multiple dietary fibres, consistent with the prevalence of fibre-degradation genes in their metagenomes. Utilisation of both HMOs and dietary fibres was discovered as a metabolic hallmark of the weaning GM, as supported by metagenomics and the growth of faecal consortia on HMOs, following their enrichment on fibres. The growth of a defined consortium on weaning-mimic substrates, further showed that distinct Clostridia simultaneously deploy HMO and fibre utilisation pathways, which confers competitive growth against HMO- or fibre-utilising bifidobacteria. Metagenomics, culturomics and HMO-utilisation profiles of 137 maternal isolates were concordant with retention of the HMO-utilisation capacity by the adult GM. Our findings highlight dual HMO-fibre utilisation as an unrecognised selection cue of core adult GM species during weaning, which outlines a plausible mechanism of GM maturation in early life and extends the importance of HMOs to the weaning transition.",Nature communications,2026 May 27,10.1038/s41467-026-73297-5,https://pubmed.ncbi.nlm.nih.gov/42203770/,"So Y, Pichler MJ, Kappel SS, Jin C, Eriksen C, Chatzigiannidou I, Andersen MHB, Tsiamis V, et al.",7.5,"keyword+2.5, journal+5.0"
PubMed,42186476,Analysis of microbial structure and function in fermented grains during the fermentation process of Congjiang WeiJiu based on high-throughput sequencing.,"WeiJiu was a traditional specialty liquor from the Zhuang ethnic villages in Congjiang County, Qiandongnan Miao and Dong Autonomous Prefecture, Guizhou Province. It was brewed using glutinous Xianghe rice, mountain spring water, and ancestral koji as raw materials. Its core production processes consist of five stages: (1) raw material preparation; (2) spreading, cooling and yeast mixing; (3) fermentation and liquor extraction; (4) simmering treatment; (5) sealing and aging. WeiJiu had a dark brown color, a mellow, soft, and sweet taste, and featured the characteristic of becoming more aromatic as it ages. As an intangible cultural heritage item of Qiandongnan Prefecture, its craftsmanship inheritance had long been confined to an empirical paradigm. Due to the lack of research on the composition and function of the microbial community in Congjiang WeiJiu, the microbial changes and metabolite changes during the fermentation process, its quality characteristics and brewing mechanism remain unclear. Therefore, in-depth understanding of the brewing mechanism and essentially improving its quality and production was an urgent priority for research related to Congjiang WeiJiu. In this study, the fermented grains of Congjiang WeiJiu at various fermentation stages: CQ: early fermentation stage (7 d), ZQ: middle fermentation stage (11 d) and WQ: late fermentation stage (15 d) were used as the research objects. High-throughput sequencing technology was employed to analyze microbial community structure and diversity. Functional annotations were performed against KEGG and CAZys databases to explore metabolic pathways and carbohydrate-active enzyme (CAZys) characteristics. The microbial community exhibited significant stage-specific succession synchronized with fermentation processes. At the phylum level, Bacillota and Pseudomonadota dominated in CQ, Bacillota became predominant in ZQ, and Actinomycetota increased significantly in WQ. At the genus level, Aspergillus, Saccharomyces, and Hyphopichia served as core functional genera in respective stages. Functional annotations showed stage-specific expression of metabolic pathways: KEGG pathways focused on energy and amino acid metabolism (in CQ), carbohydrate metabolism (in ZQ), and stress adaptation (in WQ). CAZys families corresponded to fermentation substrates degradation (GH28, AA1 in CQ), macromolecule conversion (GH13, CBM50 in ZQ), and metabolite modification (GH18, GH16 in WQ). Core functional bacteria enhanced adaptability through evolutionary mechanisms such as horizontal gene transfer, genome streamlining, and plasmid-mediated gene acquisition. The unique simmering process and smoked cellar storage shaped the distinct microbial community and flavor, differing from traditional Luzhou-flavor liquor in yeast succession, lactic acid bacteria metabolism, and mold survival period.",PeerJ,2026,10.7717/peerj.21180,https://pubmed.ncbi.nlm.nih.gov/42186476/,"Shao L, Li S, Yang L, Wei S, Shen G, Shi L, Zhu J, Ding B, et al.",7.5,keyword+7.5
PubMed,42182035,"Concordance between environmental resistomes and pathogenic phenotypes: a case study of multidrug-resistant Klebsiella pneumoniae in a drinking water source in Guizhou, China.","The persistence of antibiotic resistance in aquatic environments poses a public health concern, particularly when drinking water sources act as reservoirs for multidrug-resistant opportunistic pathogens. However, the linkage between environmental resistomes and the resistance phenotypes of cultivable bacteria remains under-characterized. This case study investigated this relationship in a karst drinking water source in Guizhou, China. Surface water samples from seven sites were analyzed for antibiotic residues using LC-MS/MS. Metagenomic sequencing was conducted on selected contamination hotspots to characterize microbial communities and antibiotic resistance genes (ARGs). Cultivable bacteria were isolated, identified via 16S rRNA sequencing, and tested for antimicrobial susceptibility. To validate resistance mechanisms, a multidrug-resistant Klebsiella pneumoniae isolate was analyzed for tetA expression using RT-qPCR. Antibiotic residues were detected across all sites, with sulfonamides and tetracyclines being the most prevalent. Consistent with this chemical pressure, metagenomic analysis identified corresponding ARGs, including sul1 and tet(Q), which functionally clustered with mobile genetic elements. From the contaminated matrix (sample W2), a multidrug-resistant Klebsiella pneumoniae strain (B8) was recovered. Mechanistic validation revealed a 2.78-fold upregulation of the tetA efflux pump gene in this strain. These findings demonstrate a concordance among chemical selection pressures, environmental resistomes, and active resistance phenotypes. The results indicate that drinking water sources can harbor and maintain clinically relevant resistant bacteria, supporting the implementation of integrated surveillance strategies to evaluate biological risks.",Frontiers in microbiology,2026,10.3389/fmicb.2026.1810806,https://pubmed.ncbi.nlm.nih.gov/42182035/,"Qian W, Han A, Al Hatmi AMS, Wang Y, Rafiq M, Cui G, Zhou S, Li S, et al.",7.5,keyword+7.5
PubMed,42210522,Kineochelins-A New Group of Siderophores From an Antarctic Bacterium.,"The global rise of antimicrobial resistance has intensified the search for new microbial metabolites from underexplored environments and taxonomic groups. Extreme and geographically isolated habitats such as Antarctic terrestrial ecosystems represent promising reservoirs of biosynthetic diversity, particularly among rare and difficult-to-cultivate actinomycetes that may produce chemically diverse metabolites with potential biotechnological applications. Here, we report the characterization of kineochelins, a previously undescribed group of siderophores produced by the Antarctic isolate Actinokineospora sp. UV203, representing a difficult-to-cultivate actinomycete lineage. Structural elucidation revealed a set of closely related congeners with a mixed-ligand architecture consistent with metal-chelating activity. Genome mining combined with transcriptomic analysis identified a dedicated nonribosomal peptide synthetase-encoding biosynthetic gene cluster responsible for kineochelin production. Comparative genomic analyses indicated that, although kineochelin biosynthetic genes share limited similarity with known mixed-ligand siderophores, their gene content and organization differ substantially, suggesting a distinct biosynthetic lineage. Functional characterization of the culture supernatant and an enriched pre-purified kineochelin fraction demonstrated strong and selective iron chelation, with high affinity for ferric and ferrous iron. Crude culture extracts inhibited the growth of bacterial strains isolated from the same Antarctic environment, indicating that kineochelins may contribute to iron-mediated microbial competition. In addition, kineochelin-enriched pre-purified fractions showed moderate selective inhibitory activity against the opportunistic yeast pathogen Nakaseomyces glabratus and a clinical isolate of Saccharomyces cerevisiae associated with invasive infection. These findings expand the chemical and biosynthetic diversity known within the genus Actinokineospora and demonstrate that Antarctic rare actinomycetes represent valuable sources of previously unexplored natural products. The discovery of kineochelins highlights the potential of genome-guided exploration of polar microorganisms for identifying bioactive metabolites with relevance for antimicrobial discovery and biotechnology.",Microbial biotechnology,2026 Jun,10.1111/1751-7915.70386,https://pubmed.ncbi.nlm.nih.gov/42210522/,"Kralova S, Spacek P, Gafriller J, Bezdicek M, Medvedcova V, Séneca J, Osvatic J, Grienke U, et al.",7.0,keyword+7.0
PubMed,42206754,Isolation of a Novel Lytic Pseudomonas aeruginosa Phage Henu5 and Fitness Costs of Phage-Driven Resistance.,"Phage therapy is increasingly recognised as a potential approach against antibiotic-resistant infections. Analogous to the rise of antibiotic resistance, bacteria can also evolve phage resistance, a process that frequently entails fitness costs. In this study, a new lytic Pseudomonas aeruginosa phage (Henu5) was isolated and characterised. Henu5 was classified within the Caudoviricetes class and displayed good biological characteristics. The Henu5 genome possesses 92,558 bp of linear dsDNA and a GC content of 49.36%. Additionally, three phage-resistant mutants, R3, R6 and R14, were isolated and investigated for adaptive trade-offs. Compared to wild-type, the phage-resistant mutants mostly exhibited fitness costs in growth, altered morphology, impaired adsorption, reduced biofilm and pyocyanin production and impaired motility, which was confirmed by transmission electron microscopy, as well as increased susceptibility to various antibiotics. In vivo experiments revealed improved survival, alongside diminished colonisation and pathogenicity. Comparative genomics identified mutations in the genes pilQ (R3 and R14) and pilR (R6), both crucial for type IV pili (T4P) biosynthesis and potentially conferring phage resistance, with additional mutations related to the obtained trade-offs. Transcriptomic and real-time quantitative PCR proved that T4P-related genes, together with the hmgA, galU, wzy, fliG, pslA, mexH and exoY genes, were downregulated in all resistant mutants, while the qscR and mvaT genes were upregulated. Collectively, while phage resistance evolution remains an issue, this study suggests that the fitness costs of the phage-resistant mutants might be invaluable for effective phage therapies.",Microbial biotechnology,2026 Jun,10.1111/1751-7915.70389,https://pubmed.ncbi.nlm.nih.gov/42206754/,"Gomaa SE, Shen J, Li J, Liu Y, Ma C, Li Q, Qi G, Teng T",7.0,keyword+7.0
PubMed,42206681,Host-Pathogen Dual Targeting With Repurposed Drugs Identifies a Synergistic Therapy for Intracellular Staphylococcus aureus.,"Staphylococcus aureus is a major cause of severe infections, including pneumonia and sepsis, partly due to its ability to survive within host cells where many antibiotics are ineffective. Drug repurposing offers a rapid strategy to identify compounds that enhance intracellular antibacterial activity by modulating host pathways. Here, a high-throughput screen of 6297 clinically approved compounds in S. aureus-infected A549 cells identified 5-fluoro-2'-deoxycytidine (5-FdC) as an effective intracellular inhibitor. When combined with rifapentine (5FR), 5-FdC displayed synergistic activity across community- and hospital-acquired MRSA and MSSA strains, as well as in different host cell types, including non-tumorigenic bronchial cells. Metabolomic and host RNA-sequencing analyses showed that 5-FdC treatment activated host stress-response and DNA damage response (DDR) pathways while restoring infection-induced metabolic imbalances, particularly in amino acid and central carbon metabolism. These transcriptional and metabolic changes correlated with reduced intracellular bacterial markers. In vivo, the 5FR combination significantly decreased bacterial loads in Galleria mellonella and murine pneumonia models without detectable toxicity. This study presents the largest repurposing screen performed against intracellular S. aureus and identifies a synergistic host- and pathogen-targeted combination that enhances bacterial clearance through coordinated modulation of host DDR, stress, and metabolic responses.",MicrobiologyOpen,2026 Jun,10.1002/mbo3.70317,https://pubmed.ncbi.nlm.nih.gov/42206681/,"Lorente-Torres B, Ferrero HÁ, Castañera P, Llano-Verdeja J, Fernández-Martínez S, Herrero-González A, Javadimarand F, López R, et al.",7.0,keyword+7.0
PubMed,42206066,"Multi-metal contamination shapes abundance, co-occurrence, and mobility potential of resistance and virulence genes in mining-impacted soils.","Antimicrobial resistance is a growing global public health concern, posing a serious threat to human health. This study aimed to characterize the composition and distribution of microbial communities, metal resistance genes (MRGs), antibiotic resistance genes (ARGs), and virulence factor genes (VFGs) under multi-metal stress and assess the impacts of metal and soil properties on the diversity, abundance, carrying rate (proportion of gene carriers), co-occurrence rate (proportion of microorganisms co-carrying multiple gene types), and mobility potential (MP, likelihood of horizontal gene transfer) of these genes. Soil samples were collected from eight sampling sites within a metal mining area (metal-contaminated soil group, MS) and four sites located more than 3 km away from the mining area (control group). Metal concentrations and physicochemical properties of the soils were measured using standard methods. Metagenomic sequencing was performed to characterize the composition and distribution of the microbiome, resistome, and virulome. Statistical modeling was applied to examine the effects of heavy metal content and soil properties on the relative abundance, co-occurrence, and mobilome potential of the three gene types. Fe, V, Cr, and Cu primarily promoted the diversity, carrying rate, and co-occurrence rate of microbial communities, MRGs, ARGs, and VFGs. In contrast, Ni and Zn exhibited overall inhibitory effects. For every unit increase in Fe and V, the MP of MRGs and VFGs was associated with an increase of 3.0 × 10⁻⁵ and 1.2 × 10⁻⁵, respectively. A per 1 mg/kg increase in Cr and Cu was correlated with a decrease of 4.3 × 10⁻⁵ and 1.1 × 10⁻⁴ in the MP of ARGs and of MRGs, respectively. Positive correlations were found between the MP of plasmid‑mediated ARGs and Cr, and between transposon‑mediated ARGs and Cr/V. The MP of transposon‑mediated MRGs correlated positively with Fe, while Cu correlated negatively with plasmid‑mediated ARGs but positively with insertion sequence‑mediated ARGs. Ni concentration was positively associated with the MP of IS‑mediated VFGs. Metals alter the composition and distribution of microbial communities, MRGs, ARGs, and VFGs. A key mechanism underlying this regulation is the modulation of their mobile potential, which either facilitates or restricts horizontal gene transfer.",Infectious medicine,2026 Jun,10.1016/j.imj.2026.100260,https://pubmed.ncbi.nlm.nih.gov/42206066/,"Zhang Q, Li S, Wang X, Sun Y, Liu J, Gao J, Deng C, Zhao W, et al.",7.0,keyword+7.0
PubMed,42214377,A practical low-cost course module for teaching bacteriophage isolation to undergraduate students.,"Bacteriophages are viruses that infect bacteria and have gained attention as promising tools against antimicrobial-resistant pathogens. Despite their relevance, phage biology remains underrepresented in undergraduate curricula. This study describes a low-cost course designed to introduce students to fundamental virology concepts through hands-on phage isolation, characterization, and genome analysis. Participants collected environmental water samples, performed phage enrichment, and detected viral plaques using the double-layer agar technique. The course also incorporated web-based bioinformatics activities using BLASTN and PhageScope, enabling students to explore genome size, GC content, gene annotation, and taxonomy without the need for coding knowledge or powerful computers. These activities strengthened the integration between laboratory and computational virology. Students had access to key concepts such as viral diversity, lytic cycles, biosafety, host specificity, and plaque quantification. This accessible educational model promotes active learning, democratizes access to virology training, and helps prepare future professionals for research in bacteriophage biology and phage therapy.",Journal of microbiology & biology education,2026 May 29,10.1128/jmbe.00065-26,https://pubmed.ncbi.nlm.nih.gov/42214377/,"Coelho LFL, Amaral RP, Terceti MdS, Santos ALCd, Aio BRF, Carvalho BAd, Malaquias LCC, Almeida GMdF",7.0,keyword+7.0
PubMed,42214367,Global epidemiology of Helicobacter pylori iceA genotypes: heterogeneity and virulence implications.,"The contact-induced epithelium gene A (iceA), with allelic variants iceA1 and iceA2, remains a controversial virulence factor in Helicobacter pylori due to inconsistent clinical outcomes. In this study, we analyzed 1,427 H. pylori genomes from the NCBI database and 200 clinical isolates from Shenzhen, China, to elucidate the global distribution of iceA genotypes and their associations with other virulence factors, bacterial gene expression, and the relationship with gastric diseases. We found that iceA genotypes varied significantly across regions, with iceA1 predominating in Asia and Europe, and iceA2 being more prevalent in North America. This suggests adaptive evolution to regional host environments. The association between iceA genotypes and cagA status also exhibited regional patterns. Additionally, iceA1 was linked to higher ureA expression, potentially enhancing acid resistance and colonization potential (P < 0.05). Importantly, patients infected with iceA1 genotype strains were more likely to present with gastric erosion (P < 0.05); however, they showed no association with peptic ulcer disease in any region. These findings highlight the geographical heterogeneity of iceA1 genotypes and their potential role in H. pylori-related gastric diseases. Our study found that the iceA1 genotype of Helicobacter pylori, which is relatively common in Asia, is associated with increased urea hydrolysis capacity and shows a specific association with erosive gastritis in Chinese patients. These findings suggest that iceA1 may potentially serve as an early biomarker for the identification of patients at risk of progressive gastric damage. Clinically, detecting iceA1 could improve risk stratification in high-prevalence regions, guiding more targeted monitoring and early intervention strategies. This research supports incorporating bacterial genotyping into clinical practice to optimize personalized treatment and prevent disease progression in susceptible populations.",Microbiology spectrum,2026 May 29,10.1128/spectrum.02024-25,https://pubmed.ncbi.nlm.nih.gov/42214367/,"Ren Y, Xie J, Zhou L, Zhang Z, Xia T, Ning J, Wu C",7.0,keyword+7.0
PubMed,42214323,Three novel Rothia species associated with Antarctic birds harbour novel biosynthetic gene clusters.,"Antarctica's unique environment supports diverse avian populations, including penguins, skuas, and gulls. As climate-driven pressures on these populations intensify, their microbiota receives increased attention due to their relevance for host health. In this study, we investigated 11 bacterial isolates associated with Antarctic birds using a polyphasic taxonomic approach integrating genomic and phenotypic data. Phylogenetic analysis of 16S rRNA gene sequences and core-genome-based phylogenomics separated the strains into three groups and genome-relatedness indices confirmed that the three lineages represent novel species within the genus Rothia. Functional genomic analysis, combined with phenotypic testing, revealed broad metabolic capabilities with adaptations to host-associated environment. Further genome mining revealed the presence of several biosynthetic gene clusters, potentially encoding terpenes, siderophores, and other bioactive compounds. Some of these clusters likely encode variants of enterobactin, a nonribosomally synthesised siderophore. However, in vitro production of enterobactin was not confirmed, suggesting more complex expression regulation than iron depletion alone. Together, these findings broaden the known diversity of Rothia by three proposed novel species, Rothia ornithocola sp. nov., Rothia pygoscelis sp. nov., and Rothia antarctica sp. nov., and highlight genomic and phenotypic features that contribute to the ecology of Antarctic avian-associated bacteria.",FEMS microbiology ecology,2026 May 29,10.1093/femsec/fiag056,https://pubmed.ncbi.nlm.nih.gov/42214323/,"Koublová V, Musilova J, Sedlar K, Spacek P, Vives J, Staňková E, Šedo O, Kralova S, et al.",7.0,keyword+7.0
PubMed,42213345,Screening of Small Peptide Against Ischemic Fatty-Acid Binding Protein (FABP).,"A low-molecular-weight cytoplasmic protein called heart-type fatty acid-binding protein (H-FABP) is released by cardiac myocytes during an ischemic episode. The normal serum level of FABP is around 3.5 ± 0.4 ng/ml (males), 3.9 ± 0.4 ng/ml (females), while the cutoff value of H-FABP in case of acute myocardial infarction (AMI) is 21.85 ng/ml within 3 hours. In case of angina pectoris, ischemic patients can be distinguished from non-ischemic patients and treated appropriately by detecting the presence of serum H-FABP in a point-of-care (POC) diagnostic approach. As the mortality rate due to coronary heart disease is on the rise worldwide, serum H-FABP levels can act as a diagnostic marker to assist in the prediction of probable cardiac arrest. In the present work, a small peptide against H-FABP has been screened by phage DNA library screening, which can be used for the development of a rapid and accurate diagnostic system for serum H-FABP. The cloning, expression and purification of the H-FABP protein in bacteria and screening of a 12 amino-acid long screened peptide with moderate affinity for binding to H-FABP is reported. The interaction of the said peptide with H-FABP was confirmed by in-silico methods like molecular docking and molecular dynamics simulation. The affinity of the peptide binding to H-FABP was assessed using Isothermal Titration Calorimetry (ITC). A spontaneous process is indicated by ΔG (-7.98 kcal mol-1) values, but an endothermic interaction activity is implied by positive ΔH (3.11 kcal mol-1) values. In a futuristic approach, this peptide can be exploited for the development of an accurate and early detection technique for heart ischemia.",The protein journal,2026 May 29,10.1007/s10930-026-10338-4,https://pubmed.ncbi.nlm.nih.gov/42213345/,"Shand H, Patra S, Madhavan T, Ghorai S",7.0,keyword+7.0
PubMed,42209868,The non-bacterial oncobiome: the role of the mycobiome and virome in tumor plasticity.,"Tumor plasticity, the capacity of malignant cells to undergo reversible phenotypic switching, is a fundamental driver of lineage diversion and therapeutic resistance. While the bacterial microbiome is a recognized modulator of the tumor microenvironment (TME), the non-bacterial oncobiome, comprising the mycobiome (fungi) and virome (viruses), represents a critical but under-explored frontier in cellular adaptability. This review synthesizes current evidence regarding the mechanistic contributions of fungal and viral constituents to tumor plasticity and characterizes the molecular cross-talk that facilitates host cell reprogramming. We conducted a structured narrative synthesis of literature indexed in PubMed, Scopus, and Web of Science (2020-2026), focusing on high-throughput studies such as ITS sequencing, metagenomics NGS (mNGS), and single-cell network analyses. We specifically evaluated evidence concerning the activation of host pattern recognition receptors and the subsequent transcriptional rewiring of lineage-defining markers. Emerging data indicate that fungal dysbiosis, particularly involving Candida and Malassezia species, triggers the Dectin-1/STAT3 signaling axis, a known inducer of epithelial-mesenchymal transition (EMT). Concurrently, the virome, ranging from integrated oncoviruses to reactivated endogenous retroviruses (ERVs), is shown to hijack the Wnt/ β-catenin pathway, enforcing a progenitor-like stemness state. This inter-kingdom synergy promotes an immune-excluded niche, effectively shielding plastic sub-populations from cytotoxic stress and targeted therapies. The non-bacterial oncobiome provides genomic momentum and inflammatory cues necessary to lower the threshold for phenotypic switching. This review highlights that stabilizing the TME ecosystem through ecologically targeted therapy may be a prerequisite for overcoming drug resistance and improving clinical outcomes in refractory cancers.",Journal of the Egyptian National Cancer Institute,2026 May 28,10.1186/s43046-026-00370-x,https://pubmed.ncbi.nlm.nih.gov/42209868/,"Ajeh IJ, Ikukpla'si OSI",7.0,keyword+7.0
